interval time,arrival time,deadline,task type
0.786381551244426,0.786381551244426,4.574692787607535,1
1.2065325741218886,1.9929141253663145,5.914750941986436,1
1.0683856054018617,3.061299730768176,7.646315923395062,2
1.4672804660340684,4.5285801968022446,8.416787471165282,1
1.4247346842602795,5.953314881062524,10.883200031596994,2
0.60075521891293,6.554070099975454,10.510612960558985,2
0.8816304093315525,7.435700509307006,11.676085664255568,2
1.1984526003242721,8.634153109631278,12.447072060587676,3
1.1636096600326469,9.797762769663924,13.849887660153234,2
1.299024929990227,11.09678769965415,15.358031717140472,2
0.552258349533428,11.649046049187579,14.748878757319345,1
0.5794645224237168,12.228510571611295,15.332152424843631,2
1.2513041625584629,13.479814734169757,17.120938660039172,3
0.9166035188373846,14.396418253007141,19.238833285573303,2
0.7643765416036238,15.160794794610766,18.749573929285457,1
0.9044781603864029,16.06527295499717,20.219131773966467,3
0.7825130497042102,16.84778600470138,21.337414741880007,2
0.6618237789286647,17.509609783630044,20.777210609439123,3
1.3627968441418712,18.872406627771916,23.576700283718054,2
0.9920140920157878,19.864420719787702,24.03370956039402,3
1.229323214274912,21.093743934062616,24.480325923727243,2
0.5227021839631764,21.61644611802579,25.03161025563913,2
1.316441188720038,22.93288730674583,27.780321326241875,1
1.135051567771348,24.06793887451718,27.11169448757256,1
0.627305624253414,24.69524449877059,28.416353390562318,2
1.4230173666741095,26.1182618654447,29.138632707941436,3
1.083419443408278,27.20168130885298,31.985483241311947,3
1.001084253662068,28.202765562515047,32.08763353626902,2
0.9430909858773109,29.14585654839236,32.92334548081127,1
1.4724599530718998,30.61831650146426,35.1432614987215,3
0.6403873098067562,31.258703811271015,35.67754668827358,1
1.120592793142879,32.379296604413895,37.23965489591359,1
0.6434459506644997,33.022742555078395,37.6717970711018,2
0.9031688786626397,33.925911433741035,37.547411789029596,1
0.8681930793184529,34.79410451305949,39.00134520398675,1
0.6319758829122137,35.4260803959717,39.756940538726,1
1.370830319234014,36.79691071520572,39.964978980161916,2
1.1632728404111758,37.960183555616894,41.70186183257763,1
0.8147151538491668,38.77489870946606,43.1975892181401,2
0.5599114614451611,39.33481017091122,42.55136667911552,1
0.6532219897776003,39.98803216068882,43.061606306785194,3
1.1268254670516966,41.11485762774051,44.389111298392976,1
1.4541670380104637,42.56902466575097,45.944679452892345,1
1.0246278441511063,43.59365250990208,47.00441250497407,1
1.4353384287015527,45.028990938603634,49.410988735763276,3
1.3123365821297397,46.34132752073337,50.40703777424713,3
0.6088661085449795,46.95019362927835,50.84517531040803,1
1.3629964452662482,48.3131900745446,52.52443518215994,1
0.5165918113277056,48.82978188587231,51.91806142962108,1
0.5914502272849715,49.42123211315728,52.78770313758553,2
0.9369466720714422,50.35817878522872,54.44380781794184,1
1.074543883458778,51.432722668687504,54.61835863378422,1
0.6676110548598706,52.10033372354737,55.386314692267625,3
1.3914734780041185,53.49180720155149,57.06179800596203,2
1.15667955863122,54.648486760182706,59.420969105567366,3
1.476514745405616,56.12500150558832,61.10951160649312,1
1.2452872926932577,57.37028879828158,62.07034380642472,2
0.8108745596879696,58.181163357969545,62.713667385271165,1
0.8099863650849707,58.99114972305452,62.798870005320175,2
1.378229057531357,60.369378780585876,64.66441287736382,1
1.4321839002128796,61.80156268079875,64.86771394210415,1
1.4942008672511922,63.29576354804995,66.42662751680804,2
1.1956567398286948,64.49142028787864,68.1934487491211,3
0.8992576511885674,65.3906779390672,70.1602961106085,2
0.6362645539767116,66.02694249304392,70.48919266284462,1
1.429314972644482,67.4562574656884,71.4286956774434,2
1.4443443051759672,68.90060177086437,73.29449202230029,2
0.9552119928652896,69.85581376372966,73.75129205440574,1
0.7403113470274221,70.59612511075707,74.51417232862713,1
1.0171721864606087,71.61329729721768,75.52603601972558,3
1.0542389285840867,72.66753622580177,77.02422330490838,1
0.5104665779917881,73.17800280379356,76.85057480035611,3
1.0206538565077121,74.19865666030127,78.64091977283576,3
0.9191176714263966,75.11777433172766,78.47190494593,1
0.7837250462860624,75.90149937801372,80.07827641756717,1
1.2999584950544563,77.20145787306818,80.48415745910359,2
1.0860457015057978,78.28750357457398,81.97738034423841,3
0.8437901179722552,79.13129369254624,83.23851474570353,3
1.4579599306881477,80.58925362323438,85.01368033393707,3
1.0923936988262184,81.6816473220606,86.58293701487689,1
0.6079091599784155,82.28955648203902,85.9222896043322,1
0.9942269005550762,83.2837833825941,87.96585892231748,3
1.0207942658645925,84.30457764845869,89.13387042263446,2
0.8723346883925374,85.17691233685123,89.43468488448336,3
1.3581051269002575,86.53501746375149,90.31143717894636,1
0.9141798178398923,87.44919728159138,91.76048959612014,1
0.6946229150246522,88.14382019661603,91.35471501929499,1
0.8484486211068931,88.99226881772293,92.35058358311026,1
1.0379357780796776,90.0302045958026,93.3142299409065,2
1.4531030645254532,91.48330766032805,94.87696184784426,3
0.7768847429678593,92.26019240329592,95.38431606896455,1
1.1756114049761517,93.43580380827207,97.03154403776782,3
1.221628170154969,94.65743197842704,99.643443904023,1
1.3642445066285136,96.02167648505555,99.67500082226388,1
0.6903490288969389,96.71202551395248,100.83493253680734,1
0.5597602911074777,97.27178580505996,100.71523097915554,3
0.7241308503133277,97.99591665537329,102.80922298647262,2
1.3926629508185764,99.38857960619187,104.38158459467621,2
1.450914062664793,100.83949366885666,105.06687949710634,3
0.6240585590111445,101.46355222786781,105.81477841328032,3
0.8066125219423385,102.27016474981015,105.80996867853277,3
1.0588686853589357,103.32903343516908,108.1669984052694,1
1.1335470954894578,104.46258053065854,108.29630370074314,3
0.9501475038003082,105.41272803445885,109.21089204777398,2
0.6697667465499826,106.08249478100883,109.68729646293764,3
1.0209802719603989,107.10347505296923,111.03237361518265,2
1.035392860722806,108.13886791369204,112.10365461691569,3
1.0810810680415945,109.21994898173364,112.88946508779313,3
0.6772244670619987,109.89717344879564,113.87088664702348,2
1.4978093897012341,111.39498283849687,115.28375076957288,1
1.4903043665224271,112.8852872050193,116.7512436925675,3
1.003956227070904,113.8892434320902,117.34007922282528,3
0.6924255494682058,114.58166898155841,119.29137296920649,3
1.4704173236105573,116.05208630516897,120.30439481655947,1
0.6483167709841898,116.70040307615317,120.8509728322429,2
1.103141030433057,117.80354410658622,122.69088422553203,1
0.8813292987645058,118.68487340535073,123.503873852911,2
0.7951749813454996,119.48004838669623,122.8356170683778,2
0.6008820214409567,120.08093040813718,123.88686550139138,2
1.0656560286101793,121.14658643674736,126.0811022357253,2
0.9271929589409439,122.0737793956883,126.33166180431618,2
1.2428109563538918,123.3165903520422,126.98505441624783,1
0.9765802137246365,124.29317056576683,128.9314849117769,2
0.7324511055216778,125.0256216712885,128.42252287019912,2
0.5078925609424021,125.53351423223091,130.35976602148622,1
0.7190355193668734,126.25254975159778,130.2501967076903,1
0.7140566324227163,126.9666063840205,131.49490175059327,1
0.5360672122016752,127.50267359622217,131.54036473355043,1
1.492646967783589,128.99532056400577,133.32684278818618,2
0.8753989486229808,129.87071951262874,133.9310619533295,2
0.6384115734867126,130.50913108611545,133.5441361418211,3
1.0148996579393268,131.52403074405478,135.80671801397548,2
1.070178425582669,132.59420916963745,136.2498649957389,1
1.3390982213406373,133.9333073909781,136.99472420648257,3
1.368090434737422,135.3013978257155,138.9850546057134,2
1.0301656593188202,136.3315634850343,139.9923946818446,1
1.0234455187058533,137.35500900374015,140.654361201476,3
1.4129238857843394,138.7679328895245,143.62069731832693,1
1.4455069005685561,140.21343979009305,144.33487390213705,1
1.2838096787011577,141.4972494687942,145.1813039433287,2
0.6626393043708997,142.1598887731651,146.32761801254654,3
1.0863941994375086,143.24628297260261,147.0045254086633,1
1.0748081504802536,144.32109112308288,147.44321948602118,2
1.2464008440535967,145.56749196713648,149.70527327108886,2
0.8206030854983626,146.38809505263484,149.44858817735502,3
0.5474273171878761,146.9355223698227,151.55705619204988,2
0.6033528868846678,147.53887525670737,152.44648373490318,3
1.2302116075645024,148.76908686427188,152.2739495966136,1
0.7068502284742842,149.47593709274616,154.0820577099034,1
1.4999810456232772,150.97591813836945,154.899894892322,1
1.1534079194007831,152.12932605777024,155.60057436527484,3
0.9403717782656004,153.06969783603586,157.6793868860636,3
1.0480424668609247,154.11774030289678,157.13905923720804,3
1.450354742531151,155.56809504542792,160.19198579056675,1
1.4486283187428233,157.01672336417076,160.296243399464,1
1.427362107834607,158.44408547200536,163.37008963260104,2
0.9774825474941371,159.4215680194995,162.61826624198267,3
0.5100005651789844,159.93156858467847,164.57391420034457,3
1.1836809854461592,161.11524957012463,165.69964706585478,2
1.1009332208711646,162.2161827909958,166.67826398100377,2
0.649470669385589,162.86565346038137,167.41173154133864,3
1.3519414524880278,164.2175949128694,167.8362354521681,2
0.9800893332721051,165.1976842461415,169.66266246920867,1
0.601930012992784,165.7996142591343,169.98860471426661,1
0.8525997441993035,166.6522140033336,171.09282419092887,2
0.9609611574587376,167.61317516079234,171.98786553373554,3
1.2866030504935697,168.8997782112859,173.02958849212234,2
1.383536589891804,170.2833148011777,174.65879242192855,1
1.2692176748494548,171.55253247602715,175.75044045984302,3
1.4775848008441024,173.03011727687127,177.88526853495793,1
0.6820511707892037,173.71216844766047,177.1908043928922,3
1.0087606438693628,174.72092909152983,178.84106414299498,2
1.355714157367228,176.07664324889706,180.8904313375556,1
0.8203305826060205,176.8969738315031,180.8795288625958,2
0.792284024931902,177.68925785643498,181.15992859555834,1
1.3743640466641724,179.06362190309915,183.86699119820076,3
1.3833429455588213,180.44696484865796,185.33251545739833,1
1.1470142135461794,181.59397906220414,186.30502418819702,2
0.9962024767418834,182.590181538946,186.42458241659637,2
1.2760412205983442,183.86622275954437,187.2255225919649,1
0.6309812051984343,184.4972039647428,187.95373733272507,3
1.0810529941793345,185.57825695892214,188.63385202692214,3
0.5914451122928763,186.16970207121503,189.64344598594334,3
0.9413992080196448,187.11110127923467,191.41892646349555,3
0.5015424506887636,187.61264372992343,191.06818968068305,2
0.5675621311583,188.18020586108173,191.51638925810622,3
1.2403703990094765,189.4205762600912,194.06253753668793,2
1.3145784366756432,190.73515469676684,195.58059682898255,2
1.041461661270668,191.7766163580375,196.1834515917859,3
1.4476587862967651,193.22427514433426,197.24875020382356,3
1.0983509783554268,194.32262612268968,197.5340565566173,2
0.7186697908391018,195.04129591352878,199.90730294323467,2
0.6545329024036431,195.69582881593243,199.07949124415762,2
1.158634942438558,196.854463758371,200.95391001970535,2
0.9107897627353895,197.7652535211064,201.99886253450373,1
0.7100142079050943,198.47526772901148,202.80215388896613,3
0.9596870037388455,199.43495473275033,202.55517624106145,3
1.2732020369158155,200.70815676966615,204.3571077628108,3
0.9298794009688484,201.638036170635,206.24543534736475,3
1.285173633944939,202.92320980457993,207.50381403877768,3
0.7732204136423013,203.69643021822222,207.12063193940503,3
0.5284827218163358,204.22491294003856,209.18437174541282,3
1.346042483564299,205.57095542360287,210.42986004435167,3
1.2411915926106643,206.81214701621354,211.09949350586504,3
1.4881966947790124,208.30034371099256,212.4223825374827,2
1.1178661653268258,209.4182098763194,213.98099374599556,2
0.7223638627900503,210.14057373910944,213.78394520795416,1
1.2030508152922605,211.3436245544017,215.74655121850964,3
0.9307009480106548,212.27432550241238,215.4598480579949,3
0.9395435876370607,213.21386909004943,216.21992470204478,1
0.7021720304489776,213.9160411204984,216.95530121434177,1
1.2214089541148052,215.13745007461318,219.44733593910837,1
0.8466255028280968,215.98407557744127,219.60686091312846,1
0.8568087817845028,216.84088435922578,220.0469028407303,1
1.0075296076266564,217.84841396685243,222.42445815530783,2
1.3119999575298809,219.1604139243823,223.08818601315733,2
0.9521287844654008,220.1125427088477,223.37695539208372,3
0.8413076908438317,220.95385039969153,225.43808762345276,3
0.7769300749089394,221.73078047460046,226.28782579866973,2
0.6442731133605707,222.37505358796105,226.78283673283653,3
0.903469896161438,223.27852348412247,227.43580660214698,2
0.9712798277497913,224.24980331187226,228.2919773732762,3
0.599406828953744,224.849210140826,228.7067237520183,3
1.497166362660846,226.34637650348682,230.42695803950983,2
1.2752231528240974,227.62159965631093,231.1783084345549,3
0.8100417077562012,228.43164136406713,232.07639908968767,1
1.0286448448664594,229.46028620893358,232.60829183679377,2
1.2529995783629737,230.71328578729654,235.6361389891079,1
1.1663586841488236,231.87964447144537,236.57195885991567,1
1.292896300525248,233.17254077197063,237.1757479439486,1
1.1324860622709156,234.30502683424154,237.9033724486078,1
1.0953344246201122,235.40036125886166,240.2908644965273,3
0.8594030945026386,236.2597643533643,239.6972319266359,1
0.805566712262398,237.06533106562668,240.84067426712633,2
1.0828210175221908,238.14815208314886,242.28570424063514,1
1.1165541204457963,239.26470620359464,242.27198529818168,3
0.66737002127005,239.9320762248647,244.8683651699845,3
0.6824812815216326,240.61455750638632,245.222284965555,3
0.5323446542470041,241.14690216063332,244.80715346918788,1
0.5187406841857495,241.66564284481908,246.09213135355515,1
1.2853588755895933,242.95100172040867,246.02191427453604,3
1.396083341888625,244.34708506229728,247.68887888398987,2
1.1514534753741108,245.49853853767138,249.194418253377,3
0.8500359610048913,246.34857449867627,250.2288294773409,1
1.033107124862453,247.38168162353873,251.19805561821835,2
1.0710335010273955,248.4527151245661,251.48843145506555,3
0.7084431044917262,249.16115822905783,253.55607944563488,3
0.9339919143390334,250.09515014339686,254.59332088817905,3
1.0855680528983194,251.18071819629517,254.5413119667331,2
1.0836248459949749,252.26434304229014,256.9433810743373,1
0.7739058633254948,253.03824890561563,257.2006623065056,1
1.0040661787927374,254.04231508440836,258.8700272042072,3
1.3342315608088176,255.3765466452172,259.01779714151206,3
1.0548796138496797,256.4314262590669,259.55571257045074,3
0.8122072758081728,257.2436335348751,261.42993153214104,1
0.752261580862388,257.9958951157375,261.8257407908446,1
0.815234250427873,258.81112936616535,263.1135671336728,1
0.9140409669854559,259.7251703331508,262.85095215428527,1
0.5315707279909372,260.2567410611417,263.2989831755226,3
0.6113626505974281,260.86810371173914,264.5875998702877,2
0.8858445415562954,261.75394825329545,265.99664255113436,1
1.038084599271114,262.79203285256654,266.2286249559937,3
1.4626709281159367,264.25470378068246,267.73677353981805,1
0.5928295981217,264.84753337880414,269.5423156968088,3
1.4190483615351916,266.26658174033935,269.9714579788135,1
0.7818958453214477,267.0484775856608,270.9535195816131,3
0.9158586849974806,267.9643362706583,271.70580055248354,2
1.1165615233839419,269.08089779404224,273.0789366444077,2
1.0888386811802464,270.16973647522246,275.09792939489336,1
1.2920188310612164,271.4617553062837,275.6186600902998,2
0.6049391570637311,272.0666944633474,276.2206232203392,1
1.1707653002265928,273.237459763574,276.4009452864778,2
1.3288030070235521,274.5662627705976,278.4906808193918,3
0.7919257156264692,275.35818848622404,278.36274566210824,3
0.5376624173870455,275.89585090361106,280.0925797111546,3
1.0083237971202443,276.9041747007313,281.8323573200145,3
0.552724113029179,277.45689881376046,281.4459056523705,3
1.0857420177889583,278.5426408315494,283.3305930966915,1
0.7087509815955344,279.25139181314495,282.692196999787,1
1.1934426452528757,280.44483445839785,283.93302287345296,3
0.5303212924816407,280.9751557508795,284.39424917007744,2
0.7620059531146085,281.7371617039941,286.26725751312046,2
0.8473954726095726,282.58455717660365,287.08936814815013,2
1.4183818375780057,284.00293901418166,288.41508589781967,1
0.6287831082842784,284.63172212246593,288.5335234971779,2
1.3895565917481498,286.0212787142141,289.67052934497315,2
1.0559198736728208,287.0771985878869,290.4532205512941,1
1.181519605799889,288.25871819368683,293.04519254037365,1
0.730660823979557,288.9893790176664,292.32834939018437,3
1.485776690650754,290.4751557083172,293.47878405037943,1
1.1545722781532515,291.6297279864704,295.9325350990793,2
0.7949525596783998,292.4246805461488,295.9635676419576,2
0.5367836589681035,292.9614642051169,296.5836770688827,2
1.4277483632809373,294.38921256839785,299.2952320045888,2
1.3671008225213286,295.75631339091916,300.59598119418337,2
1.4054492223226596,297.1617626132418,301.5089220648984,3
0.8274327053077575,297.9891953185496,301.5315300955476,3
1.2987539591045218,299.28794927765415,303.6126266198084,1
1.2166758093369312,300.5046250869911,304.1452601806466,3
1.370670820286005,301.8752959072771,304.88936419852104,3
0.6013768714967705,302.4766727787739,306.4558904553808,3
1.4290368839864458,303.90570966276033,308.0184194796525,1
1.2462347662061892,305.15194442896654,310.0385212049508,3
1.0679843098063264,306.21992873877286,310.92942181586767,2
0.7418069192767909,306.96173565804963,310.6924513837522,2
1.1388557548588647,308.1005914129085,313.08393303267513,2
0.911330382571475,309.01192179547996,312.57456565577485,3
1.0704216388140184,310.082343434294,314.93628453809373,2
1.4071339618529561,311.4894773961469,314.55589655458044,1
0.8343721119357165,312.3238495080826,315.4903138439493,1
0.6847686615106062,313.0086181695932,316.678573163106,1
0.7007663727624579,313.7093845423557,318.52924430261,3
0.5491778710400126,314.2585624133957,318.4692558156047,3
1.350632794631418,315.6091952080271,320.59322003124714,1
1.3290458395032267,316.9382410475303,320.07922186730104,3
0.6969084553505964,317.6351495028809,321.88673704287083,2
1.418998890302329,319.0541483931832,323.0152706344471,1
0.7240162906317056,319.7781646838149,324.7259017574953,1
0.6381766373377857,320.4163413211527,324.14672147603756,3
0.738120068936144,321.15446139008884,324.1959520338721,2
1.024792111658789,322.1792535017476,326.75312716170475,3
1.1862669834250412,323.3655204851726,326.3841166581962,3
1.3265856280746418,324.6921061132473,329.6042866825609,2
0.5040294160769783,325.1961355293243,328.94287000738393,1
0.859259766894443,326.05539529621876,329.30553234247805,2
0.9049534669772298,326.960348763196,330.5451566124421,2
0.8369628362066562,327.7973115994027,332.49563548726934,1
1.0087481979326909,328.80605979733537,332.2973490541317,2
0.7311572365304553,329.53721703386583,334.0579733376125,1
1.4554837960703222,330.99270082993615,334.481609862576,1
0.9328192410517272,331.9255200709879,336.1074978858132,2
0.8715146751934354,332.79703474618134,336.0095488952804,1
1.0036981259162272,333.80073287209757,337.67695805878583,1
1.0793578738577152,334.8800907459553,338.4513490586629,3
0.991391872442049,335.8714826183973,339.43243911026065,3
1.0474107815845608,336.91889339998187,341.00655928101605,1
0.8991222212836071,337.8180156212655,341.9219438624682,3
1.0273017770753232,338.8453173983408,342.8095786603683,2
0.803410717774208,339.648728116115,343.76063456207,3
0.8958155118423619,340.5445436279574,343.5879161452308,3
1.1665341901380666,341.7110778180955,346.39096088533586,2
0.7766065860938833,342.48768440418934,346.72658247063964,2
1.1629966201373452,343.6506810243267,347.76909468803507,2
1.3200211720032544,344.9707021963299,349.2683578419479,1
1.039959579655755,346.0106617759857,350.83337425061114,3
0.98568354006419,346.9963453160499,351.8539112605647,2
1.4836102603410022,348.47995557639086,353.38714867291884,2
1.2239440210810235,349.7038995974719,353.1171613388913,3
0.5598749041227506,350.26377450159464,354.56210059289856,1
0.9896380733221197,351.25341257491675,355.8004350601944,2
1.094030780756221,352.34744335567297,355.89702429303725,2
0.8374603107735987,353.1849036664466,357.1363165026296,1
1.2323765153023967,354.417280181749,358.8783525334715,3
1.2224929035743475,355.6397730853233,360.4317578083194,3
1.0987217896560626,356.7384948749794,360.65082240563686,1
1.209615129454365,357.9481100044338,362.66921723616633,1
1.2242849659311044,359.17239497036485,363.4869998408139,2
1.4190797043538084,360.59147467471865,363.8220332872418,2
0.7757312521546225,361.3672059268733,366.1594366014159,2
0.8797446671864674,362.24695059405974,366.8638805816336,2
1.043144232128754,363.2900948261885,367.9452058387095,2
1.0890203951365476,364.3791152213251,367.7560354484038,3
0.7432771595232656,365.12239238084834,369.40589506517324,3
1.4876919717991501,366.6100843526475,369.6276795614612,1
1.0408729654948692,367.6509573181424,370.6769839261978,2
1.485515511545047,369.1364728296874,372.61318963435383,2
0.9637801192856846,370.1002529489731,374.08557145130175,3
1.1933577803557236,371.2936107293288,375.82299022304784,2
0.9237460906498378,372.21735681997865,375.578878679932,3
1.481937679318775,373.6992944992974,377.74260423954814,1
1.1673994811604023,374.86669398045785,378.6405839864429,2
1.244782575775849,376.1114765562337,380.7519460813181,1
0.8160446646047216,376.9275212208384,381.27822475751253,2
1.0651594919009524,377.99268071273934,382.3965884914911,2
1.115286065862135,379.10796677860145,383.1712355561707,2
0.8796942744736752,379.9876610530751,384.30066566675566,3
1.427794542713544,381.41545559578867,386.14972746379476,2
1.0794173245053773,382.49487292029403,385.92952413275697,2
1.1117853488299052,383.60665826912395,387.8148598004723,2
1.197360562455895,384.80401883157987,388.660237472498,3
0.9308072475732924,385.73482607915315,388.9943592044639,2
0.9332781553391191,386.66810423449226,391.066094239108,2
0.5414072319960969,387.2095114664884,390.40844343507155,2
1.1231712072485829,388.33268267373694,392.86048679589044,2
0.8752505990876178,389.20793327282456,393.3912158273299,1
0.9003032453704891,390.10823651819504,394.6867959245292,1
0.871093992529623,390.97933051072465,395.1000459969147,3
0.6700346946174159,391.64936520534206,394.99479821161765,1
0.7594514056910007,392.40881661103305,396.62800321661064,2
0.64287836951374,393.0516949805468,397.6463511827198,3
0.5698953481874542,393.62159032873427,398.1100232603098,2
1.1366780642880612,394.7582683930223,398.64534481470923,2
1.088389009727981,395.8466574027503,399.08348128547107,2
1.390669787107714,397.237327189858,402.08711894470105,3
0.8966174197969191,398.1339446096549,402.2951130057658,1
0.882253090912592,399.0161977005675,402.8220976090846,1
1.118932325562929,400.1351300261304,404.0587358127358,3
1.2132889297126754,401.3484189558431,406.2023337789673,3
0.7319580070229008,402.080376962866,406.29934539479694,1
0.7787971147670797,402.8591740776331,407.59433094465015,2
0.5367366660216193,403.3959107436547,407.29136421077175,1
0.8433703362654129,404.23928107992015,408.2466141368318,3
0.990235381562316,405.2295164614825,408.94990750492775,1
0.9381041603495741,406.16762062183204,409.41042203942624,3
1.139737186184199,407.30735780801626,412.01300249512667,1
0.8843880385670757,408.19174584658333,411.2840897110432,3
0.7509534995918192,408.9426993461752,412.8608478383616,3
0.7492021445454987,409.6919014907207,413.94029820343576,3
0.916659613374528,410.6085611040952,414.11254038801343,1
1.4444455675883359,412.05300667168353,415.711632027577,2
0.5390508551357421,412.5920575268193,417.1575492742248,2
1.4898611063464733,414.0819186331658,418.4472292777479,3
0.5890132510648683,414.67093188423064,418.9665366395401,2
0.6480366236443758,415.318968507875,419.8639708534158,3
1.0432962881061343,416.36226479598116,421.3600914226125,1
0.9616409830972299,417.3239057790784,422.03671611223155,3
1.3606373633415738,418.68454314242,423.34019565399433,2
0.5946642476728214,419.27920739009284,423.9383329721129,3
1.4761960095913529,420.7554033996842,424.6990121409703,2
0.704314375183836,421.45971777486807,424.89521843364196,3
0.5991722950751017,422.0588900699432,425.3553123771562,3
1.2914453046870324,423.3503353746302,427.27259779185493,1
1.2071949491919602,424.55753032382216,429.00762528555083,3
1.4386071327142282,425.9961374565364,430.57958716237283,2
1.3776368944039878,427.3737743509404,431.71687148576694,3
0.6718648401175168,428.0456391910579,432.3255648227735,1
1.2340140837283924,429.27965327478626,432.57687865358207,3
0.7426637091069271,430.0223169838932,434.9192623290767,1
1.441400290581421,431.4637172744746,435.9677689473486,2
1.304469038191979,432.7681863126666,436.16357906175796,1
0.8841292415966442,433.6523155542633,437.96740399141476,3
1.4654236857522025,435.1177392400155,439.37364827172314,3
1.0458511305816431,436.16359037059715,440.417392976425,2
1.2384203376498617,437.402010708247,441.4304035823574,2
1.0619349477468152,438.4639456559938,442.40546847467203,3
1.1823121683990032,439.6462578243928,444.5785801303453,3
0.9499916501142978,440.5962494745071,445.36874306731386,3
1.0811357618180135,441.6773852363251,444.70385161482005,2
1.2292697343403245,442.90665497066544,446.30956340302777,1
0.9210618167731472,443.8277167874386,448.57559855321864,3
0.6825590423998318,444.5102758298384,447.69188256193485,1
0.7001234217178562,445.2103992515563,449.1935411605132,2
1.3660040604387689,446.576403311995,450.12442265690476,2
0.5995585281030864,447.1759618400981,450.9344744433597,3
0.7368339747059551,447.9127958148041,451.8040448752325,1
1.4109850703404556,449.3237808851446,453.87603213571015,1
0.6042617277819171,449.9280426129265,454.8838492523817,1
0.8187164366802273,450.74675904960674,455.3605861006863,3
0.8063563664233862,451.5531154160301,455.9220081619554,2
0.5603663372161853,452.1134817532463,455.16164679746504,3
0.9661586602639007,453.07964041351016,457.88107644084107,3
1.3601735365364682,454.43981395004664,458.0174197213692,3
1.132769562210103,455.57258351225676,458.68025738101966,3
0.9523259485024529,456.5249094607592,459.7424781451682,3
1.2242512420391178,457.74916070279835,461.1678640680086,3
1.268256634228079,459.0174173370264,462.9909176869894,1
0.7121973456469656,459.7296146826734,464.68578611889546,3
1.025889675273393,460.7555043579468,464.4624640481678,1
1.2732454297993678,462.02874978774616,466.16289978154066,2
1.463430026317421,463.4921798140636,467.175482255174,2
1.2617146104343842,464.753894424498,468.56142338269376,1
0.9226358937711031,465.6765303182691,470.6400178798512,1
0.923270632739545,466.59980095100866,470.96853410758195,1
0.5139438803273202,467.11374483133596,470.2045074432044,1
1.039949852637061,468.153694683973,471.4380870384331,2
1.4165039963250083,469.570198680298,473.2604722143507,2
1.0388371270265921,470.6090358073246,474.0624253480549,1
1.4123823522558796,472.02141815958043,475.52292916241794,3
0.9013513400905044,472.92276949967095,476.12043546600415,3
0.6085100940784688,473.53127959374945,477.899147720209,1
1.100870540405603,474.63215013415504,477.7525349299501,2
1.4311431239336647,476.0632932580887,479.61044417174617,3
1.1230405755419381,477.18633383363067,481.12712594186985,1
0.7680641061997218,477.9543979398304,481.3642588896252,2
1.4703857502270605,479.4247836900575,484.38223061592635,3
1.2644671411429382,480.6892508312004,485.5514321729663,3
1.017923462446055,481.70717429364646,486.2960628766457,3
0.8088372598247816,482.51601155347123,485.7991288271719,3
1.4617190328780563,483.9777305863493,488.4695184039235,2
1.211095316062817,485.18882590241213,489.18052190002993,2
1.0667543681113174,486.25558027052347,490.1168380060568,3
1.0453255329596858,487.30090580348315,492.1181131974612,2
1.2971123555843826,488.5980181590675,492.8435018642354,3
0.7829908086350353,489.38100896770254,492.94657838699726,3
1.1626773080608541,490.5436862757634,494.4812531045342,1
1.1906134956642738,491.73429977142763,495.54166974596467,2
1.384836161785313,493.11913593321293,496.9326263518834,1
1.2574167806516099,494.37655271386456,498.12445987673345,1
1.455567785911865,495.8321204997764,500.24392001195076,2
0.9468851734189393,496.77900567319534,500.32770004573445,2
0.828152290687097,497.60715796388246,500.9448380885247,3
0.9652731448320765,498.5724311087145,502.4626611834025,3
1.2267829586570462,499.79921406737157,504.3365315159803,2
1.0804816196179843,500.8796956869895,505.1595316922134,1
1.199856937349793,502.0795526243393,507.05604361773356,2
1.032137076625125,503.11168970096446,506.57878976742006,1
0.7006052508045039,503.812294951769,507.24991826378727,3
1.2845563631435972,505.0968513149126,508.14810251914923,1
0.9521712650816588,506.04902257999424,510.27079002765475,1
0.782134593056918,506.83115717305117,510.7778695762721,3
1.2760523633888914,508.10720953644005,513.0648781222264,3
0.8913284040220156,508.9985379404621,513.8591665548671,1
1.1016538142085834,510.1001917546707,514.4194806501191,2
1.2160491860724045,511.31624094074306,516.2993675473355,2
1.2760680555212676,512.5923089962644,516.8565385971103,1
0.9905544000557113,513.58286339632,516.913051947863,2
0.9133599242756262,514.4962233205956,518.8455127569755,1
0.6244398943345066,515.1206632149301,519.2918534173805,1
1.0418693497069724,516.1625325646371,521.1313854716983,2
1.296479421986394,517.4590119866235,522.3571871078182,1
1.2165383955043032,518.6755503821279,523.0035142362846,1
1.4973015527420315,520.1728519348699,524.1458613070128,2
0.5786263215408533,520.7514782564107,524.8603685376963,2
1.4424148073101768,522.1938930637209,525.7081328266058,3
0.8938134519310211,523.0877065156519,527.9659464719839,1
0.5491738559752048,523.6368803716272,528.0012132711472,2
1.4425300055976953,525.0794103772249,528.2934874148522,1
1.236392626782668,526.3158030040075,529.9642859588998,1
1.3006535468632938,527.6164565508708,532.1575758817289,1
1.0032711641613035,528.6197277150321,533.274788329522,3
0.5042089015868318,529.123936616619,532.1840214916823,3
1.0607430070615702,530.1846796236805,534.4324060551553,3
0.8231037610715339,531.007783384752,535.6806071323299,2
0.5684968327343797,531.5762802174863,535.2289368620554,2
0.8632455404051386,532.4395257578915,535.7008662373399,3
0.7897280611397406,533.2292538190312,537.973069777382,2
1.0809461115642338,534.3101999305954,538.2861369304705,1
0.778344382805491,535.0885443134009,538.8117388147753,1
1.1219837874368088,536.2105281008377,540.5962800456905,3
1.273426711332124,537.4839548121698,541.7082950175114,2
0.5728412197463844,538.0567960319162,541.6615208833912,2
0.5981343730336557,538.6549304049498,543.446244851818,3
0.9164793342218607,539.5714097391717,544.491649527872,2
1.29856473058092,540.8699744697526,545.8687907194679,3
1.1497713656657007,542.0197458354183,545.9102702115555,2
1.2461291784867574,543.2658750139051,546.9962786751908,2
0.8148403013437956,544.0807153152489,548.1657807204888,1
1.1688951286328404,545.2496104438817,548.3725625823656,3
0.7138445715416949,545.9634550154234,550.101438898107,1
0.5361386461049387,546.4995936615284,550.9547908525961,2
1.327008735195499,547.8266023967238,552.7654933415108,1
0.5079252144913653,548.3345276112152,553.0481173761945,2
0.8408352773246099,549.1753628885398,553.318809364949,2
1.1084173811441087,550.2837802696839,554.7354116188307,2
1.1472337058640394,551.431013975548,555.5500175450721,3
1.0828820447052152,552.5138960202532,555.559363608373,2
1.1556388839306249,553.6695349041838,557.5827092739357,1
1.0709916301104538,554.7405265342943,558.2303371283401,2
0.6910405523130042,555.4315670866073,559.4567603058838,2
1.1720669546593767,556.6036340412667,561.3351329283327,2
1.1996269283512584,557.8032609696179,561.1000566273419,1
1.1086715108821437,558.9119324805,563.3082784054296,2
1.4916287863052566,560.4035612668052,564.9341641651929,2
1.2782365216685347,561.6817977884738,566.4113186260969,1
0.717403253263822,562.3992010417376,565.798620012483,2
1.0921342291206604,563.4913352708583,566.7601692921029,3
0.9029480334312076,564.3942833042895,567.925214893094,3
0.6243055029400393,565.0185888072295,568.3499970216764,3
1.0102191427283975,566.0288079499579,570.1518623760753,1
0.9514021307507955,566.9802100807087,570.5526650649844,3
1.3609283362180777,568.3411384169268,572.0445694498057,2
1.2186604740797842,569.5597988910066,573.509802117829,1
0.6470835042465667,570.2068823952532,574.9859306047623,3
1.1853635559508335,571.392245951204,574.4731074218918,1
0.9988145084458252,572.3910604596498,575.5048030000842,1
1.3698736474161974,573.760934107066,577.1850448947791,2
1.0828942822891228,574.843828389355,577.9666329619988,1
1.052456549221132,575.8962849385762,580.4601865481216,3
1.0669386227874407,576.9632235613636,581.4513124064157,3
1.2265421035547641,578.1897656649184,582.4360135159242,2
0.7409200856404737,578.9306857505588,583.577753586942,3
1.4369412657553118,580.3676270163141,583.712838252072,1
1.3147623123088206,581.682389328623,586.6297066025896,1
0.5687483115804643,582.2511376402035,586.1795927460445,3
0.5257117491018912,582.7768493893054,586.8842392470849,1
1.4680249083970172,584.2448742977025,587.8692243674989,1
0.7360155747135521,584.980889872416,588.4377693549311,3
0.7069956214784766,585.6878854938944,590.430672870659,1
0.8354252480291726,586.5233107419236,591.1745213378487,1
1.0522442867645734,587.5755550286882,590.7125194119492,1
1.3812010657400768,588.9567560944283,592.0884897293846,3
0.8938589847213146,589.8506150791496,594.2418883424822,3
1.009964224718777,590.8605793038685,595.0944357995863,3
1.1457406694536556,592.0063199733221,596.0274266257721,2
0.5883257749478911,592.59464574827,596.7165776822827,3
0.6605813384263494,593.2552270866963,597.1662955884361,3
0.9858559089383098,594.2410829956347,598.6115727773985,3
1.0282694845634677,595.2693524801981,600.0059451584336,3
1.1501787104991277,596.4195311906973,600.6115443203737,2
0.8408749588377975,597.2604061495351,601.4670189761136,3
1.1916959154173727,598.4521020649526,602.4370707230242,2
1.0261056064343892,599.4782076713869,602.7235749223713,1
1.2817512304464649,600.7599589018334,604.8144760742597,3
0.9628677985638602,601.7228267003973,604.956568915538,2
1.2996302834995173,603.0224569838967,606.583398270181,3
0.6808364804867848,603.7032934643835,608.5449473663423,1
0.5485170466990578,604.2518105110826,607.3462898580495,1
1.2351074623113574,605.4869179733939,609.910795119775,2
0.7279873085819732,606.2149052819759,610.874107164791,2
0.7122024347179756,606.9271077166939,610.8924400291277,1
0.805414248705884,607.7325219653998,612.2479102146514,1
0.6208091391339622,608.3533311045337,611.6588540949468,3
1.4441919462760446,609.7975230508098,614.5820088391891,2
1.1517497072140825,610.9492727580239,614.7686648500504,3
1.0263533385154757,611.9756260965394,616.5930874638883,3
1.4920007919790321,613.4676268885185,616.5711203620975,1
0.6912833397441926,614.1589102282627,617.1891908652793,3
1.2032175519325055,615.3621277801952,618.4610015617862,1
0.7410051656284659,616.1031329458237,620.6458760008688,1
1.3793414538553619,617.4824743996791,620.9138008558479,1
0.5150887579851202,617.9975631576642,622.487567976792,3
1.1853349008391163,619.1828980585034,623.2420918528378,2
1.1200592936054203,620.3029573521088,623.847498165842,2
0.9184408290677158,621.2213981811765,624.530105217459,2
0.8876287534532173,622.1090269346297,625.4948308912471,2
1.2845263982627906,623.3935533328925,627.8147251516749,2
0.555552444100799,623.9491057769933,628.2177215341044,2
1.2481433861692792,625.1972491631626,629.7248852194901,1
1.2620927217954783,626.4593418849581,629.8114325636918,3
1.3159921450834595,627.7753340300416,632.5131014507791,3
1.4975234877953856,629.272857517837,634.0684061949036,3
0.9835767648490708,630.2564342826861,633.3525471523495,1
0.6784679640607335,630.9349022467468,635.1221431234111,3
1.2697833605388418,632.2046856072857,635.9995455302759,2
1.490665533014405,633.6953511403001,637.9349338055154,3
1.2305901577284049,634.9259412980285,638.8713320522734,2
0.6860541343390536,635.6119954323676,639.7304187650816,2
0.6545286993044541,636.2665241316721,641.110338936083,3
1.1785719112072708,637.4450960428794,641.520752555175,2
1.4437018710094995,638.8887979138889,642.7728370907333,2
1.4105844691760292,640.2993823830649,643.6644547307665,2
1.1122033558386928,641.4115857389036,646.2032394211666,1
1.0416917152347713,642.4532774541383,646.1979446034973,1
0.5014734178819575,642.9547508720202,647.9095533221591,3
1.2252376301466237,644.1799885021668,647.8167070047184,1
1.0155607233251356,645.195549225492,648.6313329936936,2
1.0539256400069497,646.2494748654989,650.2156303542436,2
1.0965190354224004,647.3459939009213,650.4702328858759,2
0.6244174924046015,647.9704113933259,652.2520408989768,2
0.5296038136256875,648.5000152069516,652.6462616260425,3
1.3001093268742672,649.8001245338259,652.8997432182607,3
0.6760147683564823,650.4761393021823,654.0117554391404,2
1.4231149126848153,651.8992542148671,656.2522409118501,3
1.3267677026460025,653.2260219175131,657.3164513918997,3
1.1683960516283856,654.3944179691415,658.3135041047298,1
0.5161410945269274,654.9105590636684,658.2716511836383,3
0.5341608233269863,655.4447198869954,659.1745494099582,2
0.7700377538820684,656.2147576408775,660.8483884834225,2
0.8738242610897332,657.0885819019671,660.3365434148731,3
1.4700336702915313,658.5586155722586,661.954314515542,2
1.197856782980667,659.7564723552393,663.22707287602,2
1.30846294289243,661.0649352981318,664.8832201587011,1
1.2591281092121362,662.3240634073439,666.3668422316359,1
1.1687493942729854,663.4928128016169,667.4794132007738,1
1.031576866694361,664.5243896683112,667.9098173474433,2
1.306617114390078,665.8310067827013,670.3906735942653,3
1.3785879426529202,667.2095947253541,671.7481785362256,3
0.5512133724815842,667.7608080978357,671.7670908163385,2
1.301032501165722,669.0618405990015,672.7242317832032,3
0.9746897657641198,670.0365303647656,674.1782153610892,2
1.4457199084015169,671.4822502731671,676.1561891018683,3
1.1097438477790778,672.5919941209462,676.0814337977819,1
0.7196921844110334,673.3116863053573,676.4794887085872,3
1.2488075868443453,674.5604938922016,677.7514928140896,3
0.9597599395069116,675.5202538317086,679.8474652041641,1
1.0379838485545032,676.5582376802631,680.8536007026722,2
0.5181417925737912,677.076379472837,680.233505672009,2
1.1500774009796102,678.2264568738166,682.2397571189985,3
0.5258928766310937,678.7523497504477,682.3742823482323,2
1.2459521660913153,679.998301916539,684.9434319967694,1
1.0301153666173126,681.0284172831564,684.3974612783652,2
1.4940290573112955,682.5224463404677,686.5815466523868,1
1.0754353252763837,683.5978816657441,687.8504563452698,2
0.6777203689679252,684.275602034712,688.3543840965224,3
0.7432777339343759,685.0188797686465,688.4138460980946,1
1.3111206102522168,686.3300003788987,691.1226727038555,3
0.7807972162502379,687.1107975951489,691.5218327447178,1
0.7635980989112493,687.8743956940602,692.2322412052579,3
1.4701119693279008,689.3445076633882,693.6594761890321,1
0.8340847062234767,690.1785923696117,694.532484924892,2
0.6428742410727917,690.8214666106845,694.7402716999474,1
0.5656254124395418,691.3870920231241,695.7997421545455,3
1.043085296005683,692.4301773191297,696.2369086455999,3
1.3585225297712327,693.7886998489009,697.504237257796,2
0.8657080484354666,694.6544078973365,697.6736542782077,2
1.4468947782967239,696.1013026756332,699.6578434638398,1
0.8872060422323138,696.9885087178654,701.2556795764693,3
1.2049592120496997,698.1934679299152,702.510782511872,3
0.6501915996420885,698.8436595295573,702.7579264101904,1
1.0382331804174072,699.8818927099746,703.1481955769335,1
1.0540978639734577,700.9359905739481,704.3289890093462,2
0.9782014819102685,701.9141920558583,706.763602676381,2
1.2611535521281587,703.1753456079864,708.1469089496783,1
0.682158420310937,703.8575040282973,708.0352317908751,2
0.5883613628846376,704.4458653911819,709.3295996320529,2
0.6320429467429913,705.0779083379249,709.5723122248036,3
1.4147110165247745,706.4926193544496,709.9990204731936,3
0.6224165372527941,707.1150358917024,711.4471798174342,3
0.7634511894753049,707.8784870811777,712.0633395957868,3
0.848503109628905,708.7269901908066,712.5275662423502,1
1.4297574550770995,710.1567476458838,714.9352847500304,1
1.3815483927590746,711.5382960386429,715.1028493374301,1
1.3617632570899953,712.900059295733,716.0967076949214,1
1.0496075835869543,713.9496668793199,717.7186327898315,2
1.3747924981979165,715.3244593775179,719.8315894292424,1
0.9941065773329988,716.3185659548509,719.4623240739683,1
0.9900642923444922,717.3086302471954,720.4563562918713,2
1.4016335807134894,718.7102638279089,723.5243485565185,3
0.730091154808843,719.4403549827177,724.2037750345467,1
1.2602270411476657,720.7005820238654,723.9721136801809,1
0.7051993296618063,721.4057813535272,724.5135370738716,1
1.1647136373686853,722.5704949908959,726.9372152955315,1
0.5088854888938474,723.0793804797897,726.405955028837,1
0.7061159938952808,723.785496473685,727.6568662637565,3
0.7311583742303795,724.5166548479154,727.8031828358157,2
1.1415327786939236,725.6581876266093,729.3024672750375,2
1.0530010505419654,726.7111886771513,730.7153458301539,3
1.3482082880200879,728.0593969651713,731.8003205770967,2
1.4110854144542184,729.4704823796255,733.262308667357,3
0.9910875897868329,730.4615699694124,734.7323087698384,2
1.1825973526768885,731.6441673220893,735.4503740101343,3
0.5935713489343468,732.2377386710236,735.7231857462978,1
1.0371314606294975,733.2748701316532,738.1331503762933,3
1.397293939534764,734.6721640711879,738.639779084586,1
1.2244555098960714,735.896619581084,738.97784288755,1
1.2398111501338145,737.1364307312178,741.4550714722593,3
0.5233993477759213,737.6598300789938,742.4924099886996,1
1.4688979217843423,739.1287280007781,742.896287908289,2
0.919310561105257,740.0480385618833,743.8989668598844,2
1.2134436694347115,741.261482231318,745.1134487667333,1
1.1581540364094045,742.4196362677275,746.8965796193368,3
1.4693407269451089,743.8889769946726,748.6349917812498,2
1.0120599021125458,744.9010368967852,749.6100647220359,3
1.1093909282609102,746.0104278250461,749.9556655741369,1
1.0688268597576842,747.0792546848038,750.5769459520892,1
0.7065323209364005,747.7857870057402,751.4868471293369,2
0.8638844548126281,748.6496714605528,752.5959194948741,2
0.9786497521169456,749.6283212126697,753.4808433337985,3
0.9603840393073845,750.5887052519771,754.5663998951114,2
1.449823559034416,752.0385288110115,755.0795978505038,1
1.416038772081854,753.4545675830933,757.557931660803,1
0.8397247747177329,754.2942923578111,758.0956380580293,2
0.9182577442593798,755.2125501020704,758.9170239423386,3
1.374072726404497,756.5866228284749,759.9562334138998,1
1.2664015582035546,757.8530243866785,762.8095315236808,2
1.4892705476295152,759.342294934308,763.2781092073212,1
0.5594394020764213,759.9017343363845,764.1037237856502,2
0.6308351505488556,760.5325694869333,764.8684413453952,2
0.830171333097806,761.3627408200311,764.7784307403368,2
1.1892039143751343,762.5519447344063,767.3800551125246,3
1.1663654835141883,763.7183102179205,766.8168908176092,2
1.0608756840992999,764.7791859020198,768.1216885478308,2
0.8317568893730668,765.6109427913929,769.2114448885465,2
0.678066469648883,766.2890092610418,769.6514916848471,2
0.8134899040817566,767.1024991651235,771.5897328131135,3
1.169155085352433,768.271654250476,772.3274865825098,2
1.388998570446402,769.6606528209223,773.4711034151843,1
0.7619653930468571,770.4226182139691,775.3360273621781,1
1.291973645153128,771.7145918591223,776.2560865512365,2
1.2996720634896457,773.0142639226119,777.3871468338046,3
1.0037133875535416,774.0179773101654,778.104739648939,1
0.6002950847173445,774.6182723948828,778.1352415199418,1
0.9661951091606112,775.5844675040433,779.6379735244174,3
1.2292539667755809,776.8137214708189,780.6923272073363,1
1.3398686495824916,778.1535901204014,781.586930807899,2
1.2263202764146932,779.3799103968161,784.2560684627543,1
1.2377508611475037,780.6176612579636,785.1704147503627,2
1.2583980426595403,781.8760593006232,786.8130221952002,2
0.7574158794000271,782.6334751800232,786.255003977923,1
1.205533367861755,783.839008547885,788.040222328252,3
0.8366819048124631,784.6756904526975,788.7517007454579,3
1.0661242038639642,785.7418146565615,789.7673772479859,1
1.3481364514330165,787.0899511079945,790.7758486530278,2
1.2350642057828236,788.3250153137773,792.030892004623,2
0.5158741042862187,788.8408894180635,793.2270249489877,1
0.7855165021183046,789.6264059201818,792.9037264744417,3
1.4470296864009884,791.0734356065828,794.9703336502325,3
1.0671564663217632,792.1405920729046,795.9132051639048,1
1.170916389494086,793.3115084623987,797.4608988762152,2
0.9212222665074826,794.2327307289062,797.6713975367488,3
0.6056399050081881,794.8383706339143,798.6689592937607,2
1.3268280694597592,796.1651987033741,799.4602838179632,3
1.05892684930132,797.2241255526754,800.6028227663628,1
0.6120321804672265,797.8361577331427,800.9341102755571,1
1.169429829012458,799.0055875621551,803.2566539396561,1
1.1924017705376069,800.1979893326927,803.7812032696291,1
1.192398256137459,801.3903875888302,804.4556908811852,2
0.7128676704045351,802.1032552592347,805.2275277786483,3
0.8393910907317474,802.9426463499665,807.8908254435554,1
0.7722584873689146,803.7149048373354,807.3483748991864,2
1.297285376281067,805.0121902136165,808.8835631480521,2
1.0539110465775738,806.066101260194,810.4136698203447,2
0.7353790707042748,806.8014803308984,810.6934696928773,3
1.381905327275488,808.1833856581738,811.517099090921,2
1.4276911230813212,809.6110767812552,814.2696047218907,2
1.4564096841689558,811.0674864654242,815.4448988606321,3
1.0597647381176873,812.1272512035418,816.3481990357017,2
1.367676629047193,813.494927832589,818.0692496925145,1
0.6290967807115866,814.1240246133007,818.124911527466,3
1.0753028845135515,815.1993274978142,819.1989084696207,1
0.527766582501333,815.7270940803156,820.5261849510869,2
1.3794174013747693,817.1065114816904,822.0386255540478,3
1.2610748663141234,818.3675863480046,822.9625710476249,1
0.7514838807364622,819.1190702287411,822.6096963929353,1
1.4869896931099094,820.6060599218509,823.9036504790404,3
1.3849730760910386,821.9910329979419,825.1687517268874,2
1.3250595129577634,823.3160925108997,827.1159909920905,2
1.0957563368502137,824.4118488477499,828.9827457146532,1
1.297514983412364,825.7093638311622,829.0610798208809,3
1.1647917489463948,826.8741555801087,831.0273348830256,3
0.7211863036704541,827.5953418837792,831.5327594946557,3
1.0846000785058143,828.6799419622849,832.7586819106302,2
0.9333646674514176,829.6133066297364,834.5329572132741,2
0.7697351419357126,830.3830417716721,834.7948209620763,1
0.7556285703188143,831.1386703419909,835.5468883304663,2
1.3141653469644,832.4528356889552,836.8136657319361,1
0.5561337158528408,833.0089694048081,837.3350018622504,1
0.9099223561245255,833.9188917609326,837.5243605805144,1
1.3514166401890348,835.2703084011217,839.7801801775745,3
1.1587127508170318,836.4290211519387,841.0654821419772,2
0.8066868153935617,837.2357079673324,841.0304887088116,2
0.5432107920231556,837.7789187593555,841.5326746245255,3
1.4864743448597748,839.2653931042153,843.9234820811236,1
0.7629924787205439,840.0283855829358,844.5460104094856,2
0.9830997210959563,841.0114853040318,844.7122997957912,1
1.2684313285079296,842.2799166325398,846.806644504416,1
1.4538902360476125,843.7338068685874,848.6619496050897,2
1.0571689006786258,844.7909757692661,849.301974143062,2
0.9661695655922851,845.7571453348584,849.198486388275,3
0.8786899587012695,846.6358352935596,850.2728406277129,3
1.1936566193738263,847.8294919129335,851.4753215662602,2
1.0872383844266928,848.9167302973601,853.386622634501,3
1.3170602796487891,850.2337905770089,854.1748934017788,1
1.1876669363275232,851.4214575133365,855.0504224447898,1
0.5766184202016663,851.9980759335381,855.0676872281095,1
1.1712699491745067,853.1693458827126,856.5207616172167,2
0.8348654314035233,854.0042113141161,858.1509630704641,1
1.4582443798810363,855.4624556939972,859.1706667490474,3
0.8172666926412988,856.2797223866385,860.9869144903786,1
0.9809184415179799,857.2606408281564,860.3705475657365,2
1.1659897548983151,858.4266305830547,863.2204348156239,2
0.8862222176156622,859.3128528006704,863.3440974401958,2
0.6987101550595933,860.01156295573,864.721845354059,2
0.7800187849995913,860.7915817407296,865.12420232011,2
0.9506993763045734,861.7422811170342,864.9411594403564,2
1.2897103581267642,863.0319914751609,866.192675965512,1
1.1444713375308528,864.1764628126917,867.7766480198973,3
1.1763243925986657,865.3527872052904,870.2565221565375,1
1.1364341729692455,866.4892213782596,870.0482203781457,2
1.2376785734308753,867.7268999516905,871.133099095782,1
1.3214237378994944,869.04832368959,872.1072636339196,2
1.2986192067899933,870.34694289638,875.0844544386542,1
0.7172972242138965,871.0642401205939,874.3225622275319,3
1.0344685359023358,872.0987086564962,876.4310468448414,3
0.817149525246282,872.9158581817425,877.8792521599128,2
1.3564184582080965,874.2722766399505,878.8294441031039,3
0.674899181992271,874.9471758219428,879.3274997653211,2
1.0121341765126766,875.9593099984554,879.9274678844945,1
0.6040395782383137,876.5633495766937,879.6422291342136,1
0.8717410592868515,877.4350906359805,882.2615554295182,3
0.5928335705976185,878.0279242065781,882.1224413127201,1
0.6402497161375262,878.6681739227156,883.5715184637933,3
1.0104614622309018,879.6786353849465,883.9184220407114,1
0.927509768474987,880.6061451534215,885.0466930900483,1
1.0427982064987187,881.6489433599202,885.622421396229,3
0.983901584797334,882.6328449447175,885.8988144460158,3
0.6660193587066154,883.2988643034241,887.3231306192382,3
0.8412317701576381,884.1400960735817,887.1731753635861,3
0.8127625730029097,884.9528586465847,888.0172953171219,3
1.4338220521297123,886.3866806987144,889.9124380951741,1
1.3157474122989647,887.7024281110133,891.4654335061239,2
0.7016076871674057,888.4040357981808,893.2262448612777,1
0.5525682476413221,888.9566040458221,892.7677888179571,2
0.7684903563385359,889.7250944021607,892.8097271525155,3
0.7034641229544148,890.4285585251151,894.5198696818477,1
0.8019799213935921,891.2305384465087,896.1943191008288,3
1.2805675790343891,892.5111060255431,895.9258033425048,2
1.02852091086675,893.5396269364098,898.0124094847491,1
1.3826044528582138,894.9222313892681,898.0103221573333,3
1.1338543932709921,896.0560857825391,899.8485348340698,2
1.0388653225221005,897.0949511050612,902.0675247808057,2
1.19466963263879,898.2896207377,903.2202939374425,3
0.8519661461375685,899.1415868838376,903.7097279442401,3
1.0102303398498265,900.1518172236874,905.0914340747523,2
1.379374665080094,901.5311918887676,905.4175559142004,3
1.1792787384584398,902.7104706272261,905.7734057576313,3
1.391574119966434,904.1020447471925,908.829845494131,3
0.653088883910977,904.7551336311035,909.2666822340001,2
1.4147930791816878,906.1699267102852,911.0579161137406,2
1.426394481062617,907.5963211913478,911.2056117683836,3
1.0419341473371526,908.638255338685,913.5519748736713,1
1.1959165313814746,909.8341718700665,913.8051886710377,1
0.7039989116259324,910.5381707816924,915.0226098716573,2
0.6104157991250817,911.1485865808176,915.4370114820508,1
1.3021545836439488,912.4507411644615,917.4490546837637,2
0.720739284177948,913.1714804486395,916.2888443158546,1
0.8578059205735556,914.0292863692131,917.6182018852866,2
0.9391016353190306,914.9683880045321,918.0200117194013,2
1.198197236110241,916.1665852406423,920.9854553727127,2
0.9892248656491031,917.1558101062915,921.5020192862438,2
1.256497517832508,918.412307624124,922.5612429066464,3
0.6494351591327443,919.0617427832567,923.3952973661128,2
0.8032899180468259,919.8650327013036,924.2069454853205,2
1.254308703022939,921.1193414043265,926.0557556024496,3
0.856201091745348,921.9755424960719,926.8598027721117,1
1.4192412848535034,923.3947837809253,927.64600690384,3
1.288480637013457,924.6832644179387,929.2851801472539,2
1.1406873686121726,925.8239517865509,930.0868874795397,2
0.7772165558456172,926.6011683423965,930.0492755345331,3
1.0435597606097247,927.6447281030062,932.3208978172275,1
1.4614244243557915,929.1061525273619,932.8772736646176,2
0.8082498197502289,929.9144023471122,934.4679983431633,1
0.8168653069701349,930.7312676540823,934.6264886557597,1
1.2281059705120878,931.9593736245944,936.7006265352388,1
0.560479501851159,932.5198531264456,936.9747409762243,3
1.024361447121636,933.5442145735673,938.046582373573,2
0.5385286067725089,934.0827431803398,937.9994786913132,3
1.1867279785848073,935.2694711589246,938.824341933439,1
0.9320714633654994,936.20154262229,941.0503655361202,2
1.158814980249256,937.3603576025394,941.6135802884849,2
0.6094174652183851,937.9697750677577,942.5362969498815,2
0.9859102245743866,938.9556852923321,943.6868499179252,1
1.1175748481477874,940.0732601404799,944.4554588737316,2
1.3504664105791817,941.4237265510591,945.5597217848732,3
0.5853149798285797,942.0090415308877,945.594632630553,1
0.8403108508978606,942.8493523817855,946.9060881841726,1
0.823370852879069,943.6727232346645,946.8353867012581,2
1.3478608278834319,945.020584062548,949.6789480751074,2
0.9419913204647472,945.9625753830127,949.6199242342794,1
1.2566706220834354,947.2192460050961,950.6678674340548,1
0.8680449415316045,948.0872909466277,951.8004178804565,1
0.985182118401824,949.0724730650295,953.8804992595021,2
0.8908740795428514,949.9633471445724,954.8944386058656,2
1.17992237646191,951.1432695210343,955.9884624782524,1
1.3715485725528231,952.5148180935871,956.1514000875253,3
1.1422755429864644,953.6570936365736,956.7238603670991,3
1.4235636717517273,955.0806573083253,958.4530398037252,1
1.4157615564184534,956.4964188647438,960.9174772057155,3
1.1094169789885189,957.6058358437323,960.9657678461908,1
1.265254999425752,958.8710908431581,963.296848790224,2
0.7148181733081957,959.5859090164663,963.4083115958871,1
0.5821559854639735,960.1680650019302,964.6347743540966,1
1.2614333218645037,961.4294983237947,965.283581753509,1
1.427634945146497,962.8571332689412,967.7419784583047,3
0.5982381195705716,963.4553713885118,966.987711648515,3
0.6816654703215693,964.1370368588334,968.2704987917259,1
1.4851020430262045,965.6221389018597,970.382567208843,3
1.3533348084238161,966.9754737102835,971.1579193202393,2
0.7522261170617923,967.7276998273453,972.6794888046542,3
1.064361562901062,968.7920613902463,972.38301180951,1
1.1249791707901018,969.9170405610364,974.3387938709382,3
0.7342304476471485,970.6512710086836,974.6265764117323,2
0.8724095992111032,971.5236806078947,974.8940577495172,3
1.4104973265489784,972.9341779344437,977.5495929775652,1
1.3913240330097567,974.3255019674534,979.1500382448459,1
1.2872561077141706,975.6127580751676,980.0275047027272,3
1.064217750240977,976.6769758254086,980.9058820965339,3
1.498466975654127,978.1754428010627,981.8652636505201,2
0.7241340195932956,978.899576820656,982.3866458231711,3
0.9676353947788775,979.8672122154348,983.0814222365915,3
0.5569450839777947,980.4241572994126,984.0252091400575,1
0.7250114531855409,981.1491687525981,984.4153458403484,2
0.527830685844329,981.6769994384425,984.8775656065176,1
1.1375080033260243,982.8145074417686,987.1428605317701,1
0.5665140904872188,983.3810215322558,987.8215029701314,3
0.8317583801346051,984.2127799123904,988.4191509031264,3
1.3432648478590659,985.5560447602494,988.7513219896276,1
1.3357205796757519,986.8917653399252,991.1546011889648,1
1.246874340077861,988.138639680003,991.6179991788658,1
1.328504924520512,989.4671446045236,993.9235354232956,3
0.7771616853540002,990.2443062898776,994.3400010367637,3
1.1972159572803438,991.441522247158,995.6613944743559,1
1.3720470836091607,992.8135693307671,997.1083507446522,2
0.5218388583308925,993.335408189098,996.4962709398652,2
0.551590533599142,993.8869987226971,997.9688972443597,2
1.350027782871841,995.2370265055689,998.6163968396701,3
0.8903393106364561,996.1273658162054,999.2747430569564,3
1.4824547571057274,997.6098205733111,1001.6419615054762,3
0.9990824830562075,998.6089030563674,1002.8669299711252,1
1.0716885735978345,999.6805916299652,1003.781499051327,3
1.1480597170005926,1000.8286513469658,1005.115414579639,1
0.9112670654346328,1001.7399184124005,1004.809859921864,3
0.9080056043702027,1002.6479240167706,1006.8313493617667,3
0.6224538174739972,1003.2703778342446,1006.9959324548015,3
1.0783549854162227,1004.3487328196609,1007.6780147030979,3
0.7121977428929888,1005.0609305625538,1009.7698258080246,2
0.7818444850785389,1005.8427750476324,1009.2065763457871,2
0.6449352858678838,1006.4877103335002,1011.0800794127199,3
1.056853037717222,1007.5445633712175,1010.5837096419913,1
1.4803277728490603,1009.0248911440665,1013.2306076478629,1
1.4645522001041933,1010.4894433441707,1014.6717283159207,1
1.3869108708435771,1011.8763542150143,1015.531818795932,3
0.9326743602527615,1012.8090285752671,1016.5067991938978,2
0.6925088955459071,1013.501537470813,1017.3246619845562,3
0.8818265745619313,1014.383364045375,1019.028662156663,1
1.3224975979433955,1015.7058616433184,1020.527253006883,1
1.0019312615086546,1016.707792904827,1021.5935810009116,1
1.0843119023134706,1017.7921048071405,1021.4625958520865,3
0.6718138106063921,1018.4639186177469,1022.3332469580035,3
0.5307523341806457,1018.9946709519276,1022.4253310330373,3
